{
    "type": "AdaptiveCard",
    "id": "NewUserGreeting",
    "body": [
        {
            "type": "Container",
            "items": [
                {
                    "type": "Image",
                    "url": "https://bisserio.blob.core.windows.net/img/bot_bisserio_card.png",
                    "size": "Stretch"
                }
            ]
        },
        {
            "type": "Container",
            "spacing": "None",
            "backgroundImage": "https://bisserio.blob.core.windows.net/img/sidebar_bg_blog_bisser_io.png",
            "items": [
                {
                    "type": "TextBlock",
                    "id": "title",
                    "spacing": "Medium",
                    "size": "Large",
                    "weight": "Bolder",
                    "color": "Light",
                    "text": "Hey, I'm Botty - your virtual assistant",
                    "wrap": true
                },
                {
                    "type": "TextBlock",
                    "id": "body",
                    "size": "Medium",
                    "color": "Light",
                    "text": "I can order some food for you - to start click the \"Order Food\" button below...",
                    "wrap": true
                }
            ]
        }
    ],
    "actions": [
        {
            "type": "Action.Submit",
            "title": "Order Food",
            "data": "OrderFood",
            "id": "orderBtn"
        },
        {
            "type": "Action.Submit",
            "title": "Show Orders",
            "data": "ShowOrders",
            "id": "showOrderBtn"
        },
        {
            "type": "Action.Submit",
            "title": "Help",
            "data": "Help",
            "id": "helpBtn"
        }
    ],
    "$schema": "http://adaptivecards.io/schemas/adaptive-card.json",
    "version": "1.0",
    "speak": "Hey, I'm Botty - your virtual assistant. I can order some food for you - to start click the Order Food button below",
    "fallbackText": "Hey, I'm Botty - your virtual assistant. I can order some food for you - to start ordering food, type \"Order Food\" or type help to get guidance..."
}